{
    "center": [
        0.0,
        0.0,
        0.0
    ],
    "size": [
        1.0,
        1.0,
        0.0
    ],
    "type": "FluxMonitor",
    "freqs": [
        1.0,
        1.1111111111111112,
        1.2222222222222223,
        1.3333333333333333,
        1.4444444444444444,
        1.5555555555555556,
        1.6666666666666665,
        1.7777777777777777,
        1.8888888888888888,
        2.0
    ]
}