{
    "max_res_unit": 2,
    "min_res_unit": 1,
    "opt_res_unit": 1,
    "compute_weight": 18.490224339078946,
    "sim_weight": 36.98044867815789,
    "float_rw_time_stepping": 702.112027176,
    "float_rw_post_process": 0.516497709,
    "grid_points": 1259712,
    "grid_points_x": 108,
    "grid_points_y": 108,
    "grid_points_z": 108,
    "time_steps": 27994,
    "work_unit": 0.0625,
    "flex_unit": 0.025,
    "tags": [
        "0-2G",
        "0-1Am"
    ]
}