{
    "name": null,
    "frequency_range": null,
    "allow_gain": false,
    "nonlinear_spec": null,
    "type": "PoleResidue",
    "eps_inf": 3.3946193815573142,
    "poles": [
        [
            {
                "real": -1667817350156700.2,
                "imag": -206849778477683.25
            },
            {
                "real": 1.004708275108447e+16,
                "imag": -2.30768452744197e+16
            }
        ]
    ]
}