{
    "name": null,
    "frequency_range": null,
    "allow_gain": false,
    "type": "PoleResidue",
    "eps_inf": 3.394619381557077,
    "poles": [
        [
            {
                "real": -1667817350156741.8,
                "imag": -206849778477574.28
            },
            {
                "real": 1.004708275108508e+16,
                "imag": -2.307684527443524e+16
            }
        ]
    ]
}