{
    "name": null,
    "frequency_range": [
        15048764573822.465,
        97485556810323.33
    ],
    "type": "PoleResidue",
    "eps_inf": 1.0,
    "poles": [
        [
            {
                "real": -3015100085587488.0,
                "imag": 1861697435285012.8
            },
            {
                "real": 1.4156445581983238e+16,
                "imag": -1.3772267168329216e+16
            }
        ]
    ]
}