{"name": null, "frequency_range": [15048764551236.16, 97485556664009.75], "type": "PoleResidue", "eps_inf": 1.0, "poles": [[{"real": -3464409493588389.5, "imag": -2236414374514880.5}, {"real": 1.2412679745347164e+16, "imag": 2.2143174665138764e+16}]]}