{
    "name": null,
    "frequency_range": [
        15048764573822.465,
        97485556810323.33
    ],
    "type": "PoleResidue",
    "eps_inf": 1.0,
    "poles": [
        [
            {
                "real": -3272679327759057.5,
                "imag": 2122910767906184.2
            },
            {
                "real": 1.299103539791336e+16,
                "imag": -1.897584784645183e+16
            }
        ]
    ]
}