{
    "name": null,
    "frequency_range": [
        15048764573822.465,
        97485556810323.33
    ],
    "type": "PoleResidue",
    "eps_inf": 1.0,
    "poles": [
        [
            {
                "real": -2877818582726239.0,
                "imag": -1690785616092408.0
            },
            {
                "real": 1.4773447463372454e+16,
                "imag": 1.0706286270063776e+16
            }
        ]
    ]
}