{
    "name": null,
    "frequency_range": [
        15048764573822.465,
        97485556810323.33
    ],
    "type": "PoleResidue",
    "eps_inf": 1.0,
    "poles": [
        [
            {
                "real": -2314599225445445.0,
                "imag": -335403367501927.5
            },
            {
                "real": 1.7103573351275996e+16,
                "imag": -2.9308105014936656e+16
            }
        ]
    ]
}