{
    "frequency_range": [
        7994465562158.582,
        299792458580946.8
    ],
    "eps_inf": 1.0,
    "poles": [
        [
            [
                -1517400064899275.2,
                1764550588162071.8
            ],
            [
                822631679131124.4,
                -1.1787359869257292e+16
            ]
        ],
        [
            [
                -759461526502860.1,
                -3543415931459775.5
            ],
            [
                1.0786716096819826e+16,
                2764123474029729.0
            ]
        ]
    ],
    "type": "PoleResidue"
}