{
    "frequency_range": [
        7994465562158.582,
        299792458580946.8
    ],
    "eps_inf": 1.0,
    "poles": [
        [
            [
                -755329181280846.5,
                -3389358075559942.0
            ],
            [
                1.1396479202900492e+16,
                1468542046134852.2
            ]
        ],
        [
            [
                -1542108659808193.5,
                -1863033188711170.2
            ],
            [
                507146159073.13184,
                1.3542859270807034e+16
            ]
        ]
    ],
    "type": "PoleResidue"
}