{
    "frequency_range": [
        7994465562158.582,
        299792458580946.8
    ],
    "eps_inf": 1.0,
    "poles": [
        [
            [
                -1304678462603265.5,
                -1591860255637040.8
            ],
            [
                1366664598.080788,
                6319245646077220.0
            ]
        ],
        [
            [
                -2549641324535.716,
                -5800650581217495.0
            ],
            [
                155752378176273.56,
                1.7782372570017762e+16
            ]
        ]
    ],
    "type": "PoleResidue"
}