{
    "frequency_range": [
        7994465562158.582,
        299792458580946.8
    ],
    "eps_inf": 1.0,
    "poles": [
        [
            [
                -68165393701.49064,
                5761790391964051.0
            ],
            [
                292728598971448.75,
                -1.759464659235666e+16
            ]
        ],
        [
            [
                -1306364659119320.8,
                -1592663212303188.5
            ],
            [
                8437328245819.594,
                6351306721917254.0
            ]
        ]
    ],
    "type": "PoleResidue"
}