{
    "frequency_range": [
        7994465562158.582,
        299792458580946.8
    ],
    "eps_inf": 1.0,
    "poles": [
        [
            [
                -1810015822299075.8,
                882294036453777.8
            ],
            [
                1.2755458084531314e+16,
                991103867827287.8
            ]
        ],
        [
            [
                -99478370764.52936,
                -2828031585095279.5
            ],
            [
                2325511034995933.0,
                -110510486898732.69
            ]
        ]
    ],
    "type": "PoleResidue"
}