{
    "frequency_range": [
        7994465562158.582,
        299792458580946.8
    ],
    "eps_inf": 1.0,
    "poles": [
        [
            [
                -1275479915170364.0,
                1564791545578425.0
            ],
            [
                95059993944.98958,
                -5812894106681697.0
            ]
        ],
        [
            [
                -708095384226352.8,
                -6301640014059885.0
            ],
            [
                2242926681629446.2,
                2.0221466850130096e+16
            ]
        ]
    ],
    "type": "PoleResidue"
}