{
    "frequency_range": [
        7994465562158.582,
        299792458580946.8
    ],
    "eps_inf": 1.0,
    "poles": [
        [
            [
                -751183195757199.4,
                2484931192124160.0
            ],
            [
                155646811966971.2,
                5468807980185330.0
            ]
        ],
        [
            [
                -2072769311532333.2,
                -1782163476305533.0
            ],
            [
                1.6355769814957292e+16,
                1.217168313959863e+16
            ]
        ]
    ],
    "type": "PoleResidue"
}