{
    "frequency_range": [
        7994465562158.582,
        299792458580946.8
    ],
    "eps_inf": 1.0,
    "poles": [
        [
            [
                -1743076130164791.0,
                1478393410994765.2
            ],
            [
                1.0011293159407202e+16,
                -1.0500872325246984e+16
            ]
        ],
        [
            [
                -1016927096460771.9,
                -3071008443827358.5
            ],
            [
                7046802376854907.0,
                -5304967971837547.0
            ]
        ]
    ],
    "type": "PoleResidue"
}