{
    "frequency_range": [
        7994465562158.582,
        299792458580946.8
    ],
    "eps_inf": 1.0,
    "poles": [
        [
            [
                -1533090041609420.8,
                -1836395576669406.8
            ],
            [
                1557950957.9518793,
                1.1247879419319704e+16
            ]
        ],
        [
            [
                -2209037335066.028,
                3704387997149618.0
            ],
            [
                6282208536419828.0,
                -6779498411128301.0
            ]
        ]
    ],
    "type": "PoleResidue"
}