{
    "frequency_range": [
        7994465562158.582,
        299792458580946.8
    ],
    "eps_inf": 1.0,
    "poles": [
        [
            [
                -1489479686292950.2,
                1580598007780496.2
            ],
            [
                180823617211492.06,
                -1.158161482261453e+16
            ]
        ],
        [
            [
                -2744001753942768.5,
                -2719158807562533.0
            ],
            [
                2.325671100772842e+16,
                -1.5222413638702496e+16
            ]
        ]
    ],
    "type": "PoleResidue"
}