{
    "frequency_range": [
        7994465562158.582,
        299792458580946.8
    ],
    "eps_inf": 1.0,
    "poles": [
        [
            [
                -1431208548520245.2,
                1704908700816916.5
            ],
            [
                132121352391.46675,
                -9600936600182618.0
            ]
        ],
        [
            [
                -882752195280042.0,
                -3939708522155043.5
            ],
            [
                1.1046005984014964e+16,
                6366414553275816.0
            ]
        ]
    ],
    "type": "PoleResidue"
}