{
    "frequency_range": [
        7994465562158.582,
        299792458580946.8
    ],
    "eps_inf": 1.0,
    "poles": [
        [
            [
                -2055189483779146.0,
                600930601136859.1
            ],
            [
                2.0797361120182652e+16,
                1.6754171195452222e+16
            ]
        ],
        [
            [
                -978331900075571.9,
                2709699582669179.0
            ],
            [
                115376634044200.52,
                5207049900724049.0
            ]
        ]
    ],
    "type": "PoleResidue"
}