{
    "frequency_range": [
        7994465562158.582,
        299792458580946.8
    ],
    "eps_inf": 1.0,
    "poles": [
        [
            [
                -1586959374744514.2,
                1800873169332326.5
            ],
            [
                2516058748505021.5,
                -1.3820285005990822e+16
            ]
        ],
        [
            [
                -760626958857284.1,
                3250606663572430.0
            ],
            [
                1.029249585056025e+16,
                942160025090012.4
            ]
        ]
    ],
    "type": "PoleResidue"
}