{
    "frequency_range": [
        7994465562158.582,
        299792458580946.8
    ],
    "eps_inf": 1.0,
    "poles": [
        [
            [
                -470460778809701.7,
                -6168674732552065.0
            ],
            [
                1470628635781666.8,
                1.9537865789904108e+16
            ]
        ],
        [
            [
                -1285115088388476.0,
                1572625241149717.8
            ],
            [
                82895600639.08289,
                -5962283770328551.0
            ]
        ]
    ],
    "type": "PoleResidue"
}