{
    "frequency_range": [
        7994465562158.582,
        299792458580946.8
    ],
    "eps_inf": 1.0,
    "poles": [
        [
            [
                -4978364603709938.0,
                7519647820129509.0
            ],
            [
                1.2414181910671704e+16,
                -3.146939521540776e+16
            ]
        ],
        [
            [
                -1183735649127306.8,
                1498258868332675.2
            ],
            [
                0.0,
                -4310251904570008.0
            ]
        ]
    ],
    "type": "PoleResidue"
}